User,Password
user1,P@ssw0rd@1
user2,P@ssw0rd@2
user3,P@ssw0rd@3
user4,P@ssw0rd@4
user5,P@ssw0rd@5
user6,P@ssw0rd@6
user7,P@ssw0rd@7
user8,P@ssw0rd@8
user9,P@ssw0rd@9
user10,P@ssw0rd@10
user11,P@ssw0rd@11
user12,P@ssw0rd@12
user13,P@ssw0rd@13
user14,P@ssw0rd@14
user15,P@ssw0rd@15
user16,P@ssw0rd@16
user17,P@ssw0rd@17
user18,P@ssw0rd@18
user19,P@ssw0rd@19
user20,P@ssw0rd@20
user21,P@ssw0rd@21
user22,P@ssw0rd@22
user23,P@ssw0rd@23
user24,P@ssw0rd@24
user25,P@ssw0rd@25
user26,P@ssw0rd@26
user27,P@ssw0rd@27
user28,P@ssw0rd@28
user29,P@ssw0rd@29
user30,P@ssw0rd@30